{
  "extends": [
    "tslint:recommended",
    "tslint-react",
    "tslint-config-prettier"
  ],
  "rules": {
    "prefer-for-of": false,
    "no-shadowed-variable": false,
    "no-bitwise": false,
    "variable-name": false,
    "object-literal-sort-keys": false,
    "ordered-imports": false,
    "jsx-no-lambda": false,
    "jsx-boolean-value": false
  },
  "linterOptions": {
    "exclude": [
      "config/**/*.js",
      "node_modules/**/*.ts",
      "coverage/lcov-report/*.js",
      "*.json",
      "**/*.json"
    ]
  }
}
